ID,SeatsCount,ver_ID
19657,85,2
19681,24,1
19688,7,2
19708,24,1
19710,25,2
19724,111,2
19726,36,1
19741,14,1
19746,85,2
19756,15,2
19816,255,2
19819,175,2
19821,55,2
19823,60,1
19829,133,2
19831,10,1
19841,67,1
19878,150,1
19935,53,2
19941,106,2
19989,45,2
20044,160,2
20049,205,2
20106,57,2
20109,30,1
20123,37,2
20125,70,1
20170,95,2
20182,35,1
20297,85,2
20307,35,2
20308,26,1
20313,40,1
20336,30,1
20337,33,2
20405,30,2
20433,55,2
20486,45,2
20507,85,2
20521,78,1
20621,70,2
20653,24,1
20705,55,2
20719,120,1
20792,0,1
20867,30,1
20903,85,2
20910,0,1
20912,85,2
20921,16,1
20948,30,2
20954,300,1
20956,129,2
20967,21,2
20971,16,1
20999,37,2
21001,16,1
21014,85,1
21016,24,2
21022,25,2
21029,5,1
21035,15,1
21065,8,2
21066,10,1
21069,4,1
21073,11,2
21081,33,2
21089,6,2
21094,60,1
21159,0,1
21162,105,2
21176,38,1
21179,60,1
21181,60,1
21199,130,2
21252,35,2
21291,105,2
21339,44,2
21345,20,1
21352,100,1
21355,30,1
21364,15,2
21366,35,2
21368,38,2
21388,55,2
21390,65,2
21405,101,2
21416,120,1
21428,95,2
21433,120,1
21434,60,1
21437,85,2
21448,45,2
21449,45,2
21462,220,1
21466,90,1
21469,100,1
21476,65,2
21478,101,2
21491,38,1
21492,65,2
21494,80,1
21518,90,1
21519,95,2
21538,305,2
21553,60,1
21568,90,1
21584,80,1
21585,85,2
21586,30,1
21611,75,2
21627,74,2
21723,45,2
21724,50,1
21739,75,2
21756,140,2
21764,85,2
21830,53,2
21834,53,2
21887,70,1
21907,35,2
21943,85,2
21993,70,1
22021,98,1
22028,90,2
22029,47,2
22063,40,1
22068,24,1
22211,53,2
22285,65,2
22292,50,1
22320,113,2
22331,61,2
22360,50,1
22363,170,1
22375,90,1
22377,53,2
22383,128,1
22413,95,2
22418,44,1
22440,50,2
22446,50,1
22535,48,1
22570,170,1
22592,10,1
22644,65,2
22651,109,1
22652,36,1
22708,75,2
22719,278,1
22720,170,1
22721,85,2
22812,87,1
22911,89,2
22933,55,2
22939,40,1
22981,54,2
23039,80,1
23141,120,1
23213,80,1
23242,200,1
23244,245,2
23265,125,2
23266,235,2
23267,150,1
23276,100,1
23298,120,1
23300,255,2
23314,120,1
23325,255,2
23329,240,1
23330,41,2
23338,177,1
23344,193,2
23346,165,2
23350,245,2
23357,145,2
23394,29,2
23419,232,1
23451,71,2
23482,53,2
23488,40,1
23511,134,1
23514,60,1
23515,80,1
23524,156,1
23527,85,2
23546,140,1
23550,225,2
23551,121,2
23559,150,1
23577,150,1
23579,185,2
23581,205,2
23592,185,2
23623,200,1
23625,85,2
23638,155,2
23649,60,1
23650,60,1
23652,155,2
23660,65,2
23669,325,2
23682,42,1
23685,245,2
23686,245,2
23687,245,2
23695,245,2
23707,197,2
23734,89,2
23738,185,2
23750,205,2
23758,245,2
23785,82,1
23786,40,1
23799,173,2
23817,168,1
23819,173,2
23843,90,1
23854,25,1
23855,40,2
23863,155,2
23866,70,2
23915,53,2
23926,53,2
23937,15,1
23962,50,1
24093,85,2
24189,75,1
24193,68,1
24229,105,2
24310,405,2
24311,31,2
24372,35,2
24397,82,2
24410,51,2
24415,45,2
24437,53,2
24439,98,1
24446,250,1
24452,50,1
24473,40,2
24520,75,2
24581,35,2
24599,9,2
24604,43,2
24606,7,1
24612,100,1
24627,205,2
24635,80,1
24646,26,1
24678,85,2
24691,40,1
24760,24,1
24771,49,1
24825,77,2
24872,80,1
24920,45,1
24937,45,2
24940,150,1
24970,35,2
24986,25,2
25119,42,1
25127,53,2
25152,80,1
25154,67,2
25189,55,2
25274,55,2
25292,65,1
25385,150,1
25397,55,2
25406,51,2
25516,175,2
25523,29,2
25597,13,2
25606,41,1
25634,75,1
25696,53,2
25699,21,2
25707,48,1
25744,30,1
25805,25,1
25833,180,1
25877,48,1
25894,95,2
25920,100,2
25938,135,2
25962,305,2
25968,240,1
25977,50,1
26003,60,1
26015,56,2
26024,35,2
26047,45,1
26058,315,2
26075,580,1
26091,95,2
26148,80,1
26172,30,1
26192,125,2
26220,300,1
26239,250,1
26247,125,2
26252,105,2
26254,85,2
26269,675,1
26271,100,2
26273,70,1
26274,285,2
26280,155,2
26290,88,1
26295,165,2
26297,170,2
26301,0,1
26308,150,1
26335,355,2
26432,100,2
26487,88,1
26499,255,2
26520,60,1
26554,97,1
26555,95,1
26562,70,1
26565,98,1
26572,284,1
26580,185,2
26663,50,1
26673,34,1
26681,146,2
26714,155,2
26715,205,2
26746,60,2
26793,48,1
26808,150,1
26817,50,1
26841,130,1
26847,65,1
26856,45,2
26870,43,1
26887,69,2
26895,175,2
26919,120,1
26945,98,1
26946,125,2
26977,50,1
26983,50,1
27010,83,2
27013,50,1
27024,1200,1
27025,17,2
27061,85,2
27083,80,1
27092,55,2
27095,178,1
27119,101,2
27120,190,1
27128,255,2
27171,53,2
27181,80,1
27182,125,2
27183,55,2
27198,65,2
27219,100,1
27239,45,2
27244,105,2
27269,70,1
27276,149,2
27286,100,1
27289,55,2
27304,50,1
27311,65,2
27313,55,2
27352,195,2
27358,130,1
27396,160,1
27398,320,1
27399,240,1
27402,65,2
27409,105,2
27418,52,1
27424,240,1
27429,245,2
27433,189,2
27446,155,2
27450,240,1
27457,100,1
27474,110,1
27476,230,1
27488,235,2
27492,240,1
27497,240,1
27498,240,1
27501,43,1
27505,245,2
27512,240,1
27518,146,1
27522,305,2
27523,55,2
27537,255,2
27547,167,2
27552,155,2
27571,220,1
27581,160,1
27582,300,1
27593,150,1
27602,205,2
27607,103,1
27624,108,2
27628,108,2
27634,159,2
27640,205,2
27654,150,1
27655,120,1
27656,200,1
27657,125,2
27658,240,1
27667,120,1
27751,40,2
27770,50,1
27780,23,2
27789,55,1
27847,75,2
27852,40,1
27860,70,1
27873,35,2
27883,86,1
27887,360,1
27896,62,1
27945,45,2
27999,80,1
28015,58,1
28043,150,1
28050,130,1
28105,36,1
28127,125,2
28142,100,1
28205,67,2
28276,48,1
28283,24,1
28294,45,2
28356,80,1
28376,40,1
28415,155,2
28428,53,2
28474,85,2
28479,125,2
28527,40,2
28548,80,1
28569,245,2
28584,305,2
28585,186,1
28630,196,1
28639,90,1
28665,125,2
28669,140,1
28673,325,2
28676,105,2
28680,200,1
28694,240,1
28696,145,2
28698,240,1
28701,240,1
28705,245,2
28713,240,1
28723,300,1
28730,120,1
28756,180,2
28764,120,1
28785,41,2
28786,105,2
28792,245,2
28793,180,1
28795,120,1
28796,180,1
28797,185,2
28801,252,1
28806,150,1
28811,200,1
28813,205,2
28815,50,1
28816,120,1
28818,100,1
28827,245,2
28830,240,1
28835,125,2
28952,75,2
28964,225,2
28965,245,2
28967,345,2
28970,205,2
28975,150,1
28981,60,2
28983,240,1
28985,240,1
28988,105,2
28997,250,1
29035,250,1
29036,285,2
29037,240,1
29045,245,2
29048,245,2
29050,240,1
29061,200,1
29062,200,1
29075,125,2
29076,115,2
29078,120,1
29083,145,2
29092,115,2
29118,165,2
29142,50,1
29154,88,1
29166,200,1
29167,155,2
29172,100,1
29183,95,2
29192,84,1
29195,252,2
29208,105,2
29225,500,1
29231,245,2
29232,765,2
29235,245,2
29245,200,1
29249,200,1
29255,200,1
29261,200,1
29263,205,2
29267,205,2
29283,265,2
29317,85,2
29318,300,1
29321,205,2
29322,180,1
29323,200,1
29335,80,2
29338,240,1
29342,245,2
29347,300,1
29349,245,2
29351,305,2
29352,305,2
29354,240,1
29369,65,2
29380,50,1
29383,215,2
29388,77,2
29410,165,2
29419,320,1
29420,168,1
29437,205,2
29438,105,2
29447,91,2
29449,200,1
29459,151,2
29460,186,2
29466,180,1
29472,185,2
29477,160,1
29479,105,2
29488,240,1
29489,245,2
29490,245,2
29516,200,1
29546,220,1
29548,225,2
29550,220,1
29554,305,2
29561,205,2
29587,300,1
29591,60,1
29597,290,1
29599,245,2
29610,100,1
29619,200,1
29620,200,1
29629,35,2
29632,25,1
29793,20,2
29844,5,2
29852,20,1
29857,0,1
29884,0,1
35683,35,1
42904,10,2
52481,85,2
53084,12,2
58455,120,1
58472,95,2
58505,80,2
58559,75,2
58694,155,2
59164,140,1
59168,67,2
59397,146,1
66234,650,1
67988,50,1
68021,49,1
68111,89,2
68193,80,1
68349,72,1
68369,105,2
68448,65,2
69174,35,1
69176,52,2
69195,119,2
69251,57,1
69253,120,1
69256,210,1
69298,10,1
69398,53,2
69454,125,2
69468,149,2
69508,0,1
69544,157,2
69684,180,1
69829,60,1
69884,60,1
69894,60,2
70502,70,1
70623,115,2
71167,97,1
71195,98,1
71261,53,2
71378,45,2
71392,50,2
71429,73,2
71528,41,2
71547,90,1
71665,73,2
72081,105,2
72084,100,1
72498,42,1
72680,148,2
73010,130,2
73011,74,1
73119,170,1
73307,216,1
73308,98,1
73311,11,2
73358,65,2
73570,47,2
74512,40,1
74553,61,2
74847,80,1
74895,505,2
74924,91,2
74957,122,1
74979,120,1
75159,65,2
75251,165,1
75287,105,2
75493,43,1
75639,70,1
76679,110,1
76914,30,1
77504,50,2
77595,5,2
78303,5,2
78347,162,1
79550,203,2
79565,95,1
79706,34,1
79718,0,1
79939,125,2
80001,20,1
80549,20,1
80709,33,2
80755,55,1
80869,60,1
80904,150,1
80911,60,2
81030,115,2
81075,48,1
81166,20,2
81199,40,2
81258,45,1
82417,56,1
82615,40,2
82808,55,1
82861,49,1
83371,168,1
83390,85,2
83671,40,1
83708,40,1
83757,15,2
83921,25,2
83951,271,1
83953,50,1
84461,165,2
84477,80,1
84714,65,2
85071,130,1
85339,25,2
85399,5,2
85825,10,1
86309,75,1
88071,24,1
88283,10,1
88618,150,1
88745,35,1
89022,5,2
89065,20,1
89409,85,1
89639,85,2
89666,30,1
91386,20,2
93151,105,2
93395,0,1
93671,30,1
94219,5,2
95406,9,2
96142,45,2
97160,2,1
97526,64,2
102151,15,1
104792,47,2
105439,130,2
105454,53,2
106095,24,1
106261,7,2
107373,23,2
107496,150,1
107884,40,2
109308,180,1
109821,35,2
110161,65,2
110168,25,2
111152,35,1
111851,52,2
111933,80,1
112178,15,1
114367,45,2
114477,40,2
115133,29,2
115148,54,2
119335,98,1
119554,45,1
119615,25,2
119626,86,1
119937,170,1
120364,27,1
120427,38,1
120819,40,2
124103,80,2
124208,65,2
124209,40,1
124526,35,2
124608,45,1
124628,45,2
124688,26,1
125022,85,2
125141,70,1
125260,36,1
125326,55,2
125335,45,1
125633,132,2
125639,33,2
125868,10,2
126108,10,1
126355,80,2
127456,32,1
127527,85,2
127539,53,2
127634,85,1
127892,95,1
127908,210,2
127915,46,2
127917,56,1
128086,103,2
129108,30,1
129110,103,2
129717,104,1
129822,5,1
129900,36,1
129971,13,2
130067,75,2
132835,20,2
133075,51,2
133151,29,2
133485,4,1
133507,90,2
133821,26,1
134271,120,1
134558,5,2
134633,65,2
135197,655,2
135626,17,2
135906,65,2
136091,55,2
136117,46,1
136341,103,2
136351,50,2
136380,160,1
136384,0,1
136446,40,1
136513,85,2
136572,125,1
136899,46,1
137450,45,1
138015,210,1
138022,50,2
138451,60,1
138495,18,1
138533,95,2
138604,50,2
138786,85,2
138910,20,1
139167,0,1
139190,16,1
139488,11,2
139516,205,2
139584,65,2
139769,60,2
139770,15,2
139914,35,2
140182,7,2
140274,105,2
140289,48,1
140369,30,1
140423,163,2
140503,25,2
140634,250,1
140733,65,2
140750,25,2
141232,85,2
141324,40,1
141385,80,1
141493,105,2
141704,30,1
141721,43,1
141945,75,2
142207,60,1
142210,20,1
142368,25,2
142382,0,1
142570,43,2
142602,10,2
142815,120,1
142859,61,2
142901,35,2
142967,98,1
143071,12,2
143080,10,1
143142,15,2
143289,75,2
143463,75,2
143471,120,1
143832,472,1
143900,50,2
144005,30,2
144237,53,2
144287,15,1
144339,50,1
144643,55,2
145227,0,1
145287,0,1
145290,0,1
145567,17,2
145568,20,2
145574,12,1
145581,15,2
145664,20,2
145685,15,1
145689,18,2
145743,37,2
145826,25,2
146130,37,2
146370,25,2
146492,40,1
146578,96,1
146580,45,2
146703,65,2
146957,98,1
147100,55,2
147759,65,1
147792,105,2
147834,30,1
148062,0,1
148115,98,1
148141,20,1
148402,40,1
148419,15,1
148471,103,2
148737,17,2
148778,30,2
148879,47,1
149105,30,1
149196,15,1
149256,15,1
149411,125,2
149744,155,2
149756,20,2
149863,210,2
149873,45,1
149888,20,1
150170,105,2
150172,20,1
150195,41,1
150207,30,1
150216,25,2
150534,90,1
150705,120,1
150832,5,2
150836,0,1
150839,55,1
150865,25,2
150883,85,2
150894,80,2
151037,0,1
151163,20,1
151576,95,1
151596,105,2
151635,48,1
151761,25,1
151782,75,2
151806,24,1
151820,42,1
152040,92,1
152050,15,1
152058,22,1
152118,40,1
152119,55,1
152190,110,1
152194,60,1
152422,48,1
152439,140,2
152579,50,1
152613,38,1
152620,135,2
152631,43,2
152698,40,1
152709,135,2
152821,5,2
152835,43,2
152899,113,2
153029,10,1
153315,49,2
153380,48,1
153436,100,1
153445,16,1
153450,38,1
153451,35,2
153467,55,2
153475,65,2
153582,93,2
153599,75,2
153600,192,1
153729,90,1
153770,50,1
153976,0,1
154355,105,2
154537,5,2
154657,21,2
154764,100,1
154822,55,2
154851,5,2
154865,13,1
154896,30,1
155331,20,1
155383,25,2
155412,25,1
155516,58,2
155741,320,1
155745,29,2
155821,6,1
155953,70,1
156001,90,1
156169,50,2
156235,15,2
156352,60,1
156441,40,1
156544,65,2
156563,15,2
156593,37,2
156666,10,2
156723,100,1
156784,0,1
156872,10,1
157300,0,1
157309,10,1
157323,45,2
157418,85,2
157637,12,1
157662,15,2
157678,21,1
157722,29,2
157813,12,1
158008,99,2
158080,90,2
158087,104,1
158173,255,2
158236,32,1
158247,60,1
158261,115,2
158485,55,2
158542,33,2
158718,53,2
158853,10,1
159065,0,1
159556,25,2
159648,5,2
160033,60,1
160141,25,2
160258,48,1
160524,50,1
160623,180,1
160646,5,2
160872,35,2
161264,25,2
161611,6,1
161724,220,1
162239,50,2
162259,50,2
162519,17,2
162528,94,1
162573,51,2
162642,20,1
162797,0,1
162883,25,1
162939,5,2
163033,111,2
163238,25,1
163342,0,1
163475,60,1
163497,155,2
163951,65,2
164862,89,2
164876,0,1
164908,10,2
165071,55,1
165513,15,2
165621,54,1
165675,50,1
165798,40,1
166061,5,2
166287,35,1
166290,45,2
166309,86,1
166330,80,2
166586,17,1
166632,15,1
166684,48,1
166778,40,2
166809,130,1
166976,86,1
167064,20,1
167167,35,2
167277,29,2
167290,483,2
167328,150,2
167394,45,2
167436,125,2
167633,155,2
167920,85,2
167928,7,2
168036,45,2
168333,45,2
168540,40,1
168909,0,1
168999,125,2
169016,40,1
169086,42,1
169321,20,1
169367,22,1
169491,26,2
169602,6,1
169608,19,1
169646,20,1
169681,12,2
169718,188,1
169901,4,1
169938,85,2
169944,29,2
170080,38,2
170090,10,1
170123,37,2
170246,30,1
170269,30,2
170310,65,2
170318,17,1
170330,45,2
170371,5,2
170392,20,1
170416,26,1
170421,45,2
170422,40,1
170607,75,2
170636,0,1
170686,40,1
170834,10,1
170938,20,2
171032,9,2
171075,202,1
171129,7,2
171145,9,2
171146,40,2
171198,23,2
171217,292,2
171293,30,1
171302,15,1
171314,5,1
171405,20,2
171448,47,2
171451,0,1
171501,0,1
171635,125,2
171638,9,2
171729,120,1
171738,25,2
171803,50,2
172231,10,1
172337,41,2
172407,5,2
172511,41,2
172519,20,2
172614,30,1
172634,20,1
172655,38,1
172759,10,1
172866,30,1
173194,1,1
173277,4,1
173494,45,1
173576,5,2
173645,80,2
173678,20,1
173732,40,2
173757,100,2
173883,25,2
173988,41,2
174006,85,2
174038,6,1
174088,21,2
174311,17,2
174317,46,1
174698,65,2
174764,10,1
174842,20,2
175134,30,1
175144,50,1
175176,0,1
175298,10,2
175489,20,1
175491,25,2
175506,40,1
175527,25,2
175732,46,1
175913,16,2
175942,115,2
175944,200,1
176117,4,1
176121,16,1
177112,0,1
177114,8,1
177490,45,2
177609,15,2
177618,10,2
177651,45,2
178174,5,2
178373,10,1
178664,41,2
178858,0,1
178904,28,1
179074,65,2
179100,25,1
179364,15,2
179437,5,2
179893,185,2
180303,15,2
180362,250,1
180475,80,1
180508,105,2
180681,5,2
180759,29,2
181010,5,2
181036,22,2
181041,15,2
181168,22,1
181227,55,2
181332,5,1
181686,3,1
181768,29,2
181916,20,1
181996,10,1
182139,49,2
182144,10,1
182175,66,1
182207,40,2
182281,0,1
182323,25,2
182444,53,2
182624,75,1
182642,25,2
183018,96,1
183103,5,1
183448,1,1
183471,0,1
183805,53,2
183876,15,2
183898,0,1
184090,15,1
184184,8,1
184562,65,2
184592,280,2
184609,13,2
184680,17,2
184830,20,2
185355,20,2
185632,10,1
185715,17,2
185736,6,1
185782,5,2
185809,85,2
185824,0,1
185867,30,2
185873,45,1
185937,10,1
186019,0,1
186100,17,2
186117,110,1
186122,5,2
186324,305,2
186428,5,2
186731,6,1
186821,1,1
186940,42,2
187094,105,2
187202,8,1
187478,12,1
187516,50,2
187551,20,2
187632,5,2
187687,92,1
187716,16,1
187739,24,1
187779,48,1
187885,34,1
187928,5,2
188009,7,1
188046,32,1
188403,25,1
188443,32,1
188525,30,1
188532,45,2
188569,60,1
188703,5,2
188753,30,1
188860,12,1
189085,30,2
189158,143,2
189498,55,2
189639,20,1
189675,12,1
189714,10,1
189731,5,2
189856,17,1
189861,6,1
189921,49,2
190124,9,2
190207,5,2
190222,50,2
190264,41,2
190278,5,2
190332,35,1
190834,40,1
190950,13,2
190988,40,1
191018,20,1
191190,17,2
191317,8,1
191865,20,2
192146,8,2
192234,20,1
192355,32,1
192821,75,2
192852,5,2
192859,5,2
192865,41,2
192883,7,2
192886,60,1
192897,35,2
192911,95,2
193039,15,1
193093,20,2
193094,45,1
193136,38,1
193278,81,2
193309,75,2
193514,105,2
193740,5,2
193751,70,1
194078,5,2
194334,5,2
194432,143,2
194444,145,2
194448,495,2
194453,255,2
194537,13,2
194664,95,1
194968,31,2
194982,25,2
194983,50,1
195012,10,1
195049,3,1
195919,225,2
196165,12,1
196187,30,1
196200,65,2
196230,22,2
196335,45,2
196497,65,2
197020,55,2
197058,10,1
197082,20,2
197084,25,2
197106,55,2
197172,37,2
197278,3,1
197317,14,1
197322,14,1
197333,10,1
197340,10,1
197399,10,1
197405,15,2
197416,10,1
197569,30,2
197612,48,1
197771,5,2
197774,80,2
198021,24,1
198054,6,1
198181,73,1
198263,0,1
198393,20,2
198453,11,2
198545,0,1
198632,30,2
198788,35,2
198810,15,2
198881,0,1
199006,45,2
199081,0,1
199236,53,2
199532,0,1
199865,0,1
199935,45,1
200082,5,2
200142,8,2
200498,12,1
200502,17,2
200583,15,1
200600,0,1
201157,17,2
201345,20,1
201514,0,1
201567,45,2
201570,12,1
201618,25,2
201668,35,2
201689,25,2
201719,29,2
201723,61,2
202130,40,2
202211,155,2
202223,30,1
202353,40,2
202510,25,1
202547,5,2
202562,30,1
202588,58,2
202609,0,1
202670,55,2
202752,150,1
203000,20,1
203058,27,2
203185,60,2
203266,40,1
203771,61,2
203786,197,2
203842,5,2
203952,50,2
204324,10,1
204331,37,2
204456,35,2
204472,14,1
204478,120,1
204569,8,1
204577,15,2
204602,42,1
204844,20,1
204913,5,1
205668,50,2
205674,9,2
205759,30,1
205813,10,2
205822,5,1
205859,30,1
206019,29,2
206113,20,1
206255,13,2
206333,10,1
206473,13,2
206756,53,2
206816,6,1
206929,25,1
206986,17,2
207033,60,2
207271,70,2
207310,70,1
207413,45,1
207426,56,1
207577,20,1
207593,115,2
207659,30,2
207922,0,1
208406,55,2
208599,7,1
208757,20,2
208764,15,1
208778,20,1
209001,75,1
209065,53,2
209426,0,1
209610,4,1
209817,30,1
209844,6,1
209920,105,2
209950,10,2
210159,97,2
210210,5,2
210290,5,2
210341,0,1
210578,17,2
210684,50,2
210743,0,1
210866,21,2
210885,41,1
210907,20,2
211201,5,2
211208,5,2
211221,0,1
211231,0,1
211263,0,1
211350,17,2
211368,20,1
211399,18,2
211469,20,2
211506,0,1
211767,5,1
211884,5,2
211949,10,1
212061,24,2
212160,108,1
212610,13,2
212730,48,2
213263,30,1
213284,11,2
213288,45,2
213329,20,1
213408,47,2
213519,9,2
213817,11,2
213818,35,1
213854,4,1
214102,35,2
214238,13,2
214241,0,1
214496,55,2
214590,7,2
214899,50,2
215077,30,2
215097,3,1
215102,92,1
215307,0,1
215446,5,2
215624,75,2
215720,7,1
215839,52,2
215843,33,2
215850,10,2
215873,16,1
215947,0,1
217108,0,1
217143,45,2
217689,12,1
217710,43,2
218089,12,1
218279,4,1
218439,5,2
218622,8,1
218744,6,2
219013,5,2
219032,0,1
219135,10,1
219215,50,1
219385,8,1
219494,0,1
219559,35,2
220209,5,2
220422,17,2
220435,10,1
220516,0,1
220525,50,1
220559,45,2
220571,40,2
220572,50,2
220621,16,2
220723,8,1
220730,5,2
220840,0,1
220978,0,1
221055,9,2
221111,46,1
221143,15,1
221167,25,2
221171,143,2
221262,0,1
221342,38,1
221426,0,1
221475,10,2
221477,4,1
221643,5,2
221715,79,2
221755,4,1
221784,0,1
222203,5,2
222397,25,2
222492,16,1
222513,5,1
222779,15,2
222798,5,2
222828,5,1
222935,2,1
223013,117,2
223053,15,2
223293,10,1
223307,10,1
223316,20,2
223416,15,2
223558,13,2
223560,0,1
223615,30,1
223678,180,1
223801,6,1
223820,5,2
223919,74,1
224102,0,1
224124,0,1
224199,5,2
224273,0,1
224477,40,1
224866,164,1
225105,163,2
225453,5,2
225762,35,2
225763,40,2
225781,41,2
225869,35,2
225976,16,1
226025,11,2
226088,5,1
226094,81,2
226645,20,1
226682,25,2
226972,7,2
227002,4,1
227062,45,1
227362,35,1
227425,11,2
227460,5,2
227699,30,2
227937,18,1
228147,8,2
228210,28,2
228331,10,2
228526,10,1
228533,13,2
228558,12,1
228637,6,1
228653,49,2
228959,4,1
229035,8,1
229063,0,1
229121,45,2
229129,6,1
229352,25,1
229464,14,1
229526,10,1
229638,0,1
229811,24,1
229818,30,1
229967,0,1
230022,11,2
230039,5,2
230098,60,2
230131,40,1
230203,25,2
230244,10,1
230330,15,2
230429,0,1
230430,5,2
230433,5,2
230583,13,2
230623,145,1
230788,10,1
231090,5,2
231177,41,2
231246,5,2
231275,0,1
231425,6,2
231833,157,2
232139,12,1
232723,0,1
232966,11,2
233257,20,2
233309,6,1
233722,16,1
234063,10,1
234304,26,1
234319,15,2
234695,15,1
235047,4,1
235621,13,2
235830,12,1
236202,30,1
236428,30,2
236947,0,1
237116,30,1
237135,20,1
237200,20,1
237675,0,1
237770,5,2
237818,29,2
238037,6,1
238184,5,2
238248,6,1
238317,17,2
238599,8,1
238612,5,2
238778,180,1
238789,185,2
238837,180,1
238986,10,1
239011,185,2
239016,185,2
239020,185,2
239071,180,1
239116,0,1
239151,20,1
239159,5,2
239194,39,2
239282,12,1
239348,10,1
239529,15,2
239777,6,1
240228,12,1
240252,0,1
240299,30,1
240376,21,2
240700,15,1
240963,50,1
241106,15,1
241303,15,1
241311,30,1
241590,6,2
242355,200,1
242364,240,1
242368,145,2
242385,240,1
242388,129,2
242569,250,1
242627,20,2
242693,61,2
242755,85,2
242769,55,2
242816,12,1
242922,35,2
243009,96,1
243574,67,2
243762,5,2
243792,20,2
243831,25,2
243951,35,2
243999,5,2
244067,5,2
244164,5,2
244195,26,1
244503,8,1
244771,50,2
244808,10,1
244870,41,2
244889,33,2
244984,32,1
245010,35,1
245122,35,1
245200,0,1
245266,5,2
245318,5,2
245497,60,2
245514,15,1
245613,28,2
245645,2,1
245907,17,1
245948,15,2
245970,0,1
245974,8,1
246011,8,1
246072,0,1
246362,0,1
246591,5,2
246628,57,2
246635,5,1
246659,0,1
246771,7,2
246781,20,2
246803,24,1
246960,13,2
247044,22,2
247089,16,1
247195,53,2
247368,10,1
247385,10,2
247524,2,1
247533,2,1
247586,7,2
247714,5,2
247779,11,2
248345,0,1
248490,17,2
248534,6,1
249108,60,2
249318,5,2
249408,35,2
249566,35,2
249623,400,1
249698,15,1
249923,12,1
249953,50,1
250220,0,1
250357,21,2
250520,10,1
250659,17,2
250679,25,2
250909,80,1
250955,35,2
251845,7,2
251878,10,1
252015,7,2
252058,45,2
252088,10,2
252180,56,1
252251,30,1
252255,11,2
252266,42,2
252296,12,2
252329,7,2
252364,5,2
252377,2,1
252448,20,1
252452,0,1
252702,40,2
252992,35,1
253060,50,1
253139,9,2
253186,12,2
253465,8,1
253723,2,1
253754,9,2
253803,10,2
253819,0,1
253938,0,1
254007,0,1
254217,21,2
254275,11,2
254381,30,2
254383,0,1
254481,7,2
254536,20,2
254588,2,1
254675,31,2
254808,56,2
254972,120,1
255040,25,1
255145,0,1
255219,19,2
255225,5,2
255314,25,2
255319,18,1
255347,17,2
255388,13,2
255434,0,1
255505,40,1
255583,80,1
255602,53,2
255770,5,2
255911,0,1
256172,95,1
256211,210,1
256244,200,1
256303,85,1
256317,80,1
256423,0,1
256687,105,2
256881,26,1
256902,18,1
256903,53,2
257137,17,2
257336,200,1
257338,239,1
257339,251,2
257343,463,2
257349,251,2
257351,236,1
257354,246,1
257355,251,2
257357,239,1
257407,17,2
257636,60,1
257677,45,1
257719,8,1
257789,20,1
257982,59,1
258104,26,1
258322,2,1
258492,25,2
258675,46,2
258749,0,1
258921,41,2
259027,5,2
259110,89,1
259208,12,1
259215,10,2
259251,0,1
259253,15,2
259430,60,1
259605,40,1
259641,0,1
259643,12,2
259735,27,2
259950,33,2
259952,13,2
260202,20,1
260268,5,2
260381,30,2
260577,55,2
260747,32,1
260815,25,2
260902,6,1
260992,5,2
261046,100,1
261074,45,2
261228,0,1
261508,80,1
261551,185,2
261552,125,2
261715,53,2
261779,55,2
261783,30,1
261787,23,2
261804,51,2
261826,205,2
261863,11,2
261905,13,2
261922,5,1
262016,0,1
262200,20,1
262491,31,2
262548,60,1
262617,5,2
262759,50,2
262765,15,1
262767,46,1
262952,32,1
263174,105,2
263178,20,1
263205,4,1
263243,15,2
263279,21,2
263291,228,1
263335,160,1
263391,85,2
263408,40,1
263410,9,2
263417,10,1
263434,5,2
263532,11,2
263537,90,1
263747,0,1
263767,0,1
263893,7,2
263946,0,1
264113,0,1
264447,6,1
264603,11,2
264610,4,1
264617,35,2
264758,7,2
265417,0,1
265462,7,1
265715,0,1
265815,16,1
265827,18,2
266020,20,1
266108,48,1
266209,36,1
266356,20,1
266421,20,1
266424,23,2
266498,6,1
266520,20,2
266586,0,1
266596,5,2
266753,10,1
266814,7,2
267021,58,1
267026,72,2
267039,5,2
267046,100,1
267253,5,2
267424,10,2
267655,0,1
267659,5,2
267841,52,1
267860,0,1
267876,10,1
267896,97,2
268165,65,2
268308,70,2
268318,205,2
268457,9,2
268471,15,2
268540,10,1
268991,5,2
268999,6,1
269008,0,1
269129,5,1
269139,48,1
269326,100,1
269433,40,1
269525,24,1
269529,29,2
269565,0,1
269637,11,2
269654,6,1
269896,45,2
269979,41,2
270083,5,2
270101,55,1
270109,5,2
270132,35,1
270187,30,1
270194,35,2
270448,43,2
270675,36,1
270859,5,2
270972,30,1
271106,75,2
271176,26,1
271212,40,1
271218,44,2
271407,31,2
271418,53,2
271437,70,1
271469,92,1
271531,38,1
271813,40,1
271850,25,2
271997,5,2
272075,40,2
272105,6,1
272229,17,2
272238,52,2
272248,0,1
272264,0,1
272417,25,1
272430,0,1
272482,21,2
272529,47,1
272546,20,2
272550,15,1
272860,13,2
272919,205,2
273274,5,2
273327,20,1
273501,0,1
273633,30,1
273800,26,2
273802,35,2
273989,5,2
274029,150,1
274447,5,1
274461,100,1
274546,0,1
274775,25,1
274824,24,1
274888,9,2
274944,0,1
274953,60,1
274959,60,2
274969,55,1
274972,55,1
275019,20,1
275038,29,2
275053,20,1
275056,16,1
275075,43,2
275106,75,2
275231,0,1
275240,28,2
275569,124,1
275595,50,2
275621,13,2
275638,40,2
275740,20,2
275801,0,1
275870,13,2
275889,30,2
276140,5,1
276151,40,1
276211,0,1
276232,65,2
276389,5,2
276420,3,1
276659,36,1
276664,37,2
276882,50,2
276931,0,1
277009,32,1
277125,24,1
277171,25,2
277214,2,1
277234,55,2
277311,11,2
277324,0,1
277504,0,1
277624,15,1
277655,180,1
277731,10,2
277802,55,2
277813,35,2
277840,15,2
277987,5,2
277988,52,2
278008,0,1
278016,15,1
278063,8,1
278066,20,1
278070,5,2
278103,0,1
278124,45,2
278243,14,1
278246,0,1
278247,0,1
278358,0,1
278365,5,2
278441,50,1
278444,0,1
278482,15,2
278535,5,2
278598,9,2
278836,0,1
278847,15,2
278878,0,1
278972,37,2
279166,15,2
279206,50,2
279305,0,1
279366,5,2
279379,20,1
279410,0,1
279438,50,1
279496,7,2
279670,23,2
279733,15,2
279791,25,2
279869,13,2
279873,35,1
279920,15,2
279950,7,2
280004,5,2
280050,8,2
280138,25,2
280304,38,2
280322,3,1
280348,212,2
280407,0,1
280453,16,1
280718,5,2
280723,30,1
280818,45,1
280991,48,1
280999,10,1
281011,34,1
281035,20,1
281060,5,2
281241,8,1
281273,0,1
281307,0,1
281372,10,1
281382,6,1
281395,7,2
281413,115,2
281517,35,2
281584,5,2
281613,0,1
281617,17,2
281619,42,1
281636,9,2
281637,0,1
281937,24,1
281998,49,1
282006,29,2
282040,25,2
282049,20,1
282097,8,1
282101,0,1
282133,7,1
282176,15,2
282190,40,1
282194,19,2
282205,5,2
282310,5,2
282317,43,2
282393,33,2
282431,25,2
282488,48,2
282508,45,1
282578,45,2
282718,10,1
282743,25,2
282796,7,2
282828,65,2
282864,18,2
283003,18,1
283024,80,1
283036,7,2
283046,9,2
283091,49,1
283109,55,2
283130,17,2
283211,29,2
283223,20,2
283224,0,1
283226,25,2
283282,31,2
283290,20,1
283324,5,1
283335,0,1
283366,29,2
283434,350,1
283504,17,2
283532,37,2
283548,0,1
283564,2,1
283565,95,1
283569,5,2
283635,25,2
283644,75,2
283690,15,2
283745,20,1
283783,28,1
283817,7,2
283897,15,2
283932,37,2
283966,30,1
283986,20,1
284031,0,1
284079,7,2
284122,100,1
284127,11,2
284133,10,1
284194,44,1
284242,40,1
284275,32,1
284279,5,1
284292,38,1
284345,16,1
284349,64,2
284377,21,2
284384,20,1
284476,26,1
284606,10,1
284608,10,1
284635,28,2
284760,0,1
284839,1,1
284862,65,1
284898,45,2
284937,20,1
284988,40,1
285027,29,2
285101,0,1
285155,80,2
285157,45,1
285175,80,1
285200,65,2
285204,20,2
285218,25,2
285305,47,2
285375,8,1
285377,20,2
285443,25,2
285484,17,2
285531,2,1
285561,5,2
285601,90,1
285646,35,1
285759,25,1
285878,0,1
286059,0,1
286082,23,2
286104,4,1
286109,65,2
286125,18,1
286180,0,1
286231,145,2
286292,6,1
286311,5,2
286471,24,1
286503,20,1
286512,21,2
286602,45,1
286670,10,1
286753,0,1
286770,40,1
286815,13,2
286817,33,2
286865,34,2
286923,145,2
286939,60,1
287245,33,2
287259,21,2
287627,65,2
287782,11,2
287865,8,1
287901,12,1
287940,50,1
287971,45,1
287998,20,1
288003,25,2
288052,120,1
288065,45,2
288090,0,1
288186,25,2
288200,12,1
288210,0,1
288221,5,2
288269,20,2
288302,10,1
288303,11,2
288355,11,2
288372,12,1
288412,4,1
288430,9,2
288436,25,2
288495,25,2
288511,13,2
288532,20,2
288539,5,2
288549,33,2
288589,26,1
288601,12,1
288636,33,2
288642,65,2
288657,11,1
288662,20,1
288668,5,2
288673,45,2
288688,30,2
288786,0,1
288809,130,1
288835,125,2
288842,30,1
288860,0,1
288878,6,1
288896,10,1
288969,8,1
288994,2,1
289016,15,1
289020,0,1
289086,51,2
289127,5,2
289152,27,1
289171,5,1
289264,0,1
289438,60,1
289448,60,2
289469,15,1
289486,8,1
289505,10,2
289512,40,1
289526,18,1
289531,24,1
289545,28,2
289551,12,1
289572,47,1
289609,40,1
289639,15,1
289735,0,1
289741,34,1
289779,0,1
289874,70,1
289879,108,1
289916,5,2
290014,11,2
290026,13,2
290041,5,2
290066,5,2
290167,35,2
290185,0,1
290196,16,1
290206,6,1
290208,15,2
290215,12,1
290221,40,1
290264,46,1
290270,88,1
290287,12,1
290414,5,2
290416,0,1
290464,45,1
290519,15,2
290536,0,1
290560,23,2
290587,14,1
290613,45,2
290620,46,1
290708,8,1
290831,20,1
290843,10,1
290845,5,2
291015,6,1
291047,47,2
291074,7,2
291098,17,2
291235,20,2
291265,65,1
291296,17,2
291335,0,1
291357,14,1
291366,0,1
291400,0,1
291562,20,1
291567,5,2
291574,9,2
291619,23,2
291664,25,2
291704,5,2
291710,5,2
291779,25,2
291795,40,1
291815,4,1
291845,5,2
291907,15,2
291919,64,1
291977,5,2
291991,10,1
292053,13,2
292055,14,1
292086,130,1
292096,320,1
292261,8,1
292373,9,1
292511,130,1
292539,0,1
292583,35,1
292718,15,1
292719,45,2
292759,5,2
292792,5,2
292983,8,2
293073,26,2
293093,15,2
293129,5,2
293137,9,2
293277,10,1
293435,8,1
293446,10,1
293513,0,1
293603,0,1
293647,0,1
293666,0,1
293673,1,1
294019,6,1
294127,2,1
294314,20,1
294350,0,1
294475,30,1
294566,29,2
294593,5,2
294610,30,2
294855,25,2
294867,4,1
295013,4,1
295021,40,1
295133,7,2
295348,12,1
295379,205,2
295403,36,1
295410,50,2
295469,5,2
295472,19,2
295477,5,2
295529,90,1
295974,11,2
296031,0,1
296067,8,2
296167,5,2
296205,20,1
296318,11,2
296336,10,2
296389,9,2
296417,15,2
296438,77,2
296593,35,2
296635,40,1
296682,2,1
296801,48,1
296897,83,2
296932,65,2
296960,55,2
297012,0,1
297020,0,1
297037,15,2
297051,20,2
297076,40,2
297159,0,1
297189,18,1
297254,100,1
297362,0,1
297433,6,1
297465,41,1
297576,7,1
297605,17,2
297796,35,1
297802,17,2
297903,30,2
298022,101,2
298094,73,2
298107,44,1
298127,30,1
298129,15,1
298149,80,1
298224,12,1
298228,29,2
298316,4,1
298323,5,2
298352,15,2
298394,10,1
298419,11,2
298494,4,1
298500,11,2
298577,35,2
298687,9,2
298709,6,1
298797,0,1
298813,30,2
298842,0,1
298857,30,1
298919,20,1
299073,9,2
299146,0,1
299210,41,2
299217,37,2
299327,80,1
299362,79,2
299381,0,1
299447,4,1
299527,0,1
299646,48,1
299773,7,2
300164,49,2
300175,5,2
300286,90,2
300337,20,2
300620,43,2
301125,15,2
301439,7,2
301467,5,2
301544,45,2
301559,20,2
301711,25,1
301749,10,1
301847,12,1
301848,11,2
301857,5,2
301920,40,1
301972,58,1
302018,12,2
302129,15,1
302136,20,2
302171,2,1
302187,9,2
302189,0,1
302193,0,1
302215,5,2
302228,11,2
302354,35,2
302392,0,1
302500,21,2
302506,0,1
302556,5,2
302631,25,1
302632,48,1
302646,19,1
302669,40,2
302694,8,1
302793,35,2
302840,48,1
302874,25,2
302895,104,2
302911,0,1
302916,11,2
302923,11,2
302987,0,1
303022,51,2
303084,4,1
303119,4,1
303121,10,2
303131,21,2
303154,0,1
303166,26,2
303218,43,2
303221,5,2
303236,0,1
303239,5,2
303414,4,1
303513,0,1
303524,50,2
303633,5,2
303650,0,1
303703,49,2
303706,23,2
303806,0,1
303816,20,2
303853,5,2
303919,5,2
303928,0,1
303938,4,1
304080,8,1
304081,21,2
304118,5,2
304122,0,1
304129,100,1
304140,34,2
304174,6,1
304234,25,2
304365,37,2
304392,20,1
304519,5,2
304532,10,1
304562,5,2
304563,15,1
304565,45,2
304601,17,2
304767,20,2
304810,0,1
304881,14,1
304962,5,2
305067,29,2
305172,9,2
305184,9,2
305257,0,1
305313,20,1
305323,10,1
305369,12,1
305400,24,1
305543,43,2
305564,13,2
305578,7,2
305599,15,2
305610,10,1
305611,10,1
305685,5,1
305695,40,1
305703,11,2
305735,13,2
305770,0,1
305931,20,2
305936,40,2
306135,6,1
306144,16,2
306147,47,2
306232,12,1
306309,50,1
306364,5,2
306372,7,2
306380,5,2
306457,9,2
306468,5,2
306476,12,1
306483,67,2
306485,0,1
306526,5,2
306541,8,1
306545,8,1
306548,15,2
306549,4,1
306607,25,1
306622,5,2
306674,25,2
306724,6,1
306804,12,1
306946,17,1
306995,25,2
307053,45,2
307057,35,2
307091,95,2
307112,25,2
307131,45,2
307141,13,2
307207,10,1
307244,35,2
307386,0,1
307388,0,1
307441,5,2
307454,17,2
307557,5,2
307717,10,1
307760,0,1
307779,35,2
308005,155,2
308007,65,2
308028,23,1
308037,14,1
308224,40,1
308230,10,1
308375,20,1
308396,30,2
308416,13,2
308468,15,1
308582,150,2
308587,5,2
308595,5,2
308602,13,2
308603,11,2
308623,5,2
308844,0,1
308867,10,1
308877,45,2
308887,5,2
308890,5,2
308923,10,2
308933,40,1
308943,117,2
308983,15,2
309034,5,2
309066,12,1
309075,4,1
309102,0,1
309134,11,2
309145,5,2
309223,10,2
309246,8,1
309355,5,1
309367,5,1
309369,33,2
309377,5,1
309450,40,1
309460,6,1
309524,5,2
309536,15,1
309544,0,1
309547,70,1
309571,15,1
309636,9,2
309653,25,2
309688,7,2
309726,4,1
309730,10,1
309788,5,2
309803,5,2
309808,5,2
309812,5,2
309885,5,2
309897,0,1
309926,117,2
309975,67,1
309978,15,2
309989,30,1
310017,45,2
310043,17,2
310083,5,2
310233,80,1
310253,5,2
310257,7,2
310273,21,2
310328,101,1
310365,20,1
310376,10,1
310406,15,2
310434,25,1
310447,36,1
310448,15,1
310452,5,1
310480,10,1
310483,108,1
310492,0,1
310520,7,2
310620,17,2
310626,20,1
310652,17,2
310686,105,2
310754,29,2
310870,25,2
310945,25,2
311018,45,2
311020,11,2
311048,0,1
311063,13,2
311065,35,1
311083,53,2
311102,35,2
311129,4,1
311167,17,2
311179,12,1
311181,25,2
311187,80,1
311192,19,2
311201,25,2
311207,28,1
311216,70,2
311226,17,2
311235,15,2
311253,30,2
311255,13,2
311271,23,2
311281,55,2
311328,0,1
311333,4,1
311337,4,1
311358,15,2
311365,45,1
311407,30,1
311421,4,1
311441,35,2
311454,18,1
311473,0,1
311489,6,1
311496,10,1
311518,15,2
311528,20,2
311530,17,2
311538,2,1
311546,16,1
311547,36,1
311556,36,1
311656,10,2
311761,46,1
311818,35,2
311827,25,1
311893,5,2
311911,17,2
311914,13,2
311919,15,2
311946,5,1
311984,40,1
312026,5,2
312201,0,1
312215,8,1
312307,5,2
312473,0,1
312505,8,1
312510,48,1
312556,35,2
312591,9,2
312608,49,2
312730,180,1
312883,2,1
312958,0,1
312985,24,1
313230,0,1
313276,3,1
313387,160,1
313422,40,1
313451,0,1
313456,42,1
313507,15,2
313585,5,2
313609,79,2
313630,6,1
313706,5,2
313883,35,1
313975,23,1
314102,39,2
314199,50,2
314219,0,1
314271,75,2
314272,45,1
314294,4,1
314547,5,2
314667,5,2
314669,11,2
314716,13,2
314790,30,2
314834,20,1
315007,12,1
315008,85,2
315182,0,1
315199,21,2
315262,5,2
315377,35,2
315430,27,2
315507,80,1
315512,5,2
315697,15,2
315809,37,2
315851,13,2
315972,55,2
316325,40,1
316344,25,2
316411,16,1
316499,53,2
316601,24,2
316618,20,2
316637,15,1
316672,21,2
316684,0,1
316718,10,1
316733,0,1
316899,45,1
316928,29,2
316929,7,2
316974,196,1
316994,15,2
317093,25,2
317249,10,1
317358,0,1
317645,9,2
317732,8,1
317773,0,1
317778,70,1
317881,72,1
317934,15,2
317954,15,2
317967,13,2
317990,4,1
318022,7,2
318033,35,2
318058,20,1
318102,14,1
318218,5,2
318251,5,2
318302,25,1
318366,32,1
318377,20,2
318495,42,2
318510,10,2
318549,35,2
318682,20,2
318697,0,1
318753,0,1
318832,5,1
318859,35,2
318931,9,2
318958,2,1
318960,14,1
319015,48,1
319070,5,2
319096,45,1
319117,14,2
319163,15,2
319169,20,1
319206,5,2
319234,5,2
319378,11,2
319380,25,1
319572,50,2
319623,4,1
319670,0,1
319778,0,1
319781,85,2
319803,21,2
319813,0,1
319815,0,1
319948,70,2
320022,1,1
320186,17,2
320205,5,1
320515,15,2
320524,20,1
320536,7,2
320603,60,1
320826,5,2
320848,15,2
320866,5,2
321061,0,1
321095,5,2
321232,0,1
321353,69,2
321489,20,1
321790,45,2
321945,9,2
321995,20,1
322036,0,1
322147,20,2
322218,32,1
322274,2,1
322361,5,2
322455,5,2
322592,205,2
322619,0,1
322665,29,2
322797,5,2
322842,5,2
322857,0,1
322890,5,1
322898,0,1
322920,11,2
322938,23,2
322944,8,1
323127,165,2
323152,15,2
323178,28,1
323215,15,1
323221,40,2
323242,37,1
323276,5,2
323294,5,2
323300,0,1
323321,10,1
323327,0,1
323375,5,2
323510,17,2
323573,19,2
323690,30,2
323767,53,2
323965,13,2
324021,17,2
324129,5,2
324321,75,2
324336,0,1
324346,11,2
324545,0,1
324550,43,1
324680,20,1
324704,5,2
324782,3,1
324814,40,1
324826,5,2
324829,0,1
324900,31,2
324917,5,2
324933,10,1
325121,5,2
325231,0,1
325237,30,1
325252,18,2
325269,5,2
325282,17,2
325287,8,1
325291,25,1
325309,177,2
325334,85,2
325356,85,1
325378,5,2
325381,36,2
325405,9,2
325411,5,2
325495,19,2
325509,55,1
325537,0,1
325636,5,2
325798,15,2
325806,20,1
325810,25,1
325814,20,2
325844,20,2
325869,5,2
326006,48,1
326019,10,1
326046,5,2
326101,8,1
326152,7,2
326231,5,2
326404,25,2
326514,49,2
326543,69,2
326553,5,1
326558,0,1
326687,29,2
326772,103,2
326784,25,1
326805,0,1
326868,0,1
326999,15,2
327013,17,2
327061,0,1
327108,0,1
327154,15,2
327230,12,1
327303,25,2
327352,45,2
327513,116,1
327651,8,1
327663,9,2
327756,4,1
327825,25,2
327831,5,2
327834,4,1
327929,4,1
327966,16,1
328060,25,2
328083,17,2
328093,22,1
328332,20,1
328388,45,1
328404,9,2
328417,5,2
328450,70,2
328460,15,2
328476,16,1
328512,61,2
328554,9,2
328650,5,2
328655,17,2
328687,43,2
328689,42,1
328756,45,1
328789,8,2
328835,0,1
328892,5,1
328956,50,1
328967,40,2
328975,32,1
328980,15,2
328989,54,2
328999,120,1
329026,125,2
329030,0,1
329052,30,1
329058,5,2
329060,25,2
329063,25,2
329151,20,1
329200,13,2
329245,0,1
329261,10,1
329320,8,1
329325,5,2
329427,15,2
329438,15,2
329597,15,2
329617,5,2
329654,43,2
329712,0,1
329719,35,2
329745,6,1
329803,0,1
329806,53,2
329917,33,2
329985,10,1
329986,0,1
330010,15,2
330025,45,1
330039,20,2
330099,5,2
330233,42,1
330259,130,1
330320,100,1
330536,33,2
330585,5,2
330597,23,2
330628,6,1
330898,39,2
330974,11,2
331046,12,1
331147,0,1
331155,7,1
331166,5,2
331199,11,2
331209,5,2
331335,5,2
331354,40,2
331472,30,1
331486,45,2
331491,37,2
331493,29,2
331506,21,2
331545,0,1
331556,8,1
331572,35,2
331609,50,2
331641,25,2
331668,97,2
331752,41,2
331793,0,1
331816,45,2
331831,0,1
331844,20,1
331888,5,2
331901,8,2
331931,13,2
331932,41,2
331968,9,2
332085,9,2
332111,4,1
332228,20,1
332236,25,2
332241,5,2
332244,5,2
332261,5,2
332271,18,1
332280,5,2
332290,24,1
332332,13,2
332365,20,1
332392,10,1
337211,5,1
337308,20,1
337329,39,2
337364,5,2
337423,0,1
337432,93,1
337461,32,1
337477,94,1
337512,5,2
337553,10,1
337584,52,2
337621,10,2
337675,45,2
337733,3,1
337792,45,1
337822,45,2
337832,0,1
337863,25,1
338026,40,2
338027,5,1
338028,30,1
338048,5,2
338053,20,2
338071,5,2
338108,0,1
338153,20,1
338275,8,1
338288,25,2
338320,15,1
338396,12,1
338400,20,2
338579,0,1
338595,60,1
338602,45,1
338649,5,2
338655,48,1
338820,5,2
338829,5,2
338833,0,1
338834,20,2
338835,45,2
338911,0,1
338912,35,1
338924,0,1
338925,20,1
339016,5,2
339037,50,1
339159,50,1
339240,7,2
339278,0,1
339282,49,2
339472,12,1
339481,0,1
339484,5,2
339520,5,2
339565,37,2
339566,280,2
339626,30,2
339631,28,2
339659,0,1
339661,5,2
339666,5,2
339689,15,2
339724,0,1
339857,53,2
339883,13,2
339919,0,1
339920,6,1
340021,0,1
340055,45,1
340150,47,2
340195,190,1
340241,12,1
340243,10,1
340272,15,1
340282,2,1
340285,35,1
340292,0,1
340361,5,2
340386,4,1
340396,54,2
340483,155,2
340490,19,1
340502,32,1
340551,5,2
340557,63,1
340626,25,2
340628,6,1
340629,40,1
340666,14,2
340704,49,2
340900,12,1
340909,4,1
340994,105,2
341004,15,2
341073,60,1
341110,30,2
341142,13,2
341177,5,2
341185,0,1
341191,190,1
341211,0,1
341235,5,2
341326,4,1
341444,11,2
341451,36,1
341493,0,1
341509,5,2
341534,15,2
341545,0,1
341555,5,2
341571,0,1
341633,0,1
341766,115,2
341901,0,1
341927,36,1
341953,0,1
342011,10,1
342046,20,1
342074,47,1
342120,55,2
342161,45,2
342170,10,1
342195,25,2
342230,0,1
342232,17,2
342291,9,2
342323,52,2
342325,51,2
342379,25,2
342388,7,2
342389,54,1
342395,40,2
342400,30,2
342410,5,2
342445,36,1
342464,13,2
342491,30,2
342501,5,2
342506,65,2
342517,35,2
342528,155,2
342586,20,2
342650,15,2
342657,20,1
342854,5,2
342892,5,2
342917,5,2
342930,5,2
342958,5,2
343096,29,2
343097,26,1
343103,25,2
343108,35,2
343110,30,1
343117,60,1
343121,105,1
343167,8,2
343176,12,1
343204,8,1
343208,10,1
343242,8,1
343246,13,2
343249,17,2
343288,24,1
343295,4,1
343301,32,1
343319,5,2
343357,11,2
343373,85,1
343397,21,2
343417,20,2
343431,17,2
343558,9,1
343599,45,2
343710,55,2
343719,0,1
343735,20,1
343763,0,1
343820,5,2
343834,16,1
343875,0,1
343876,0,1
343882,45,2
343933,0,1
343937,0,1
344041,15,2
344046,0,1
344088,1,1
344115,15,1
344129,8,1
344130,24,2
344208,13,2
344252,188,1
344256,0,1
344257,75,1
344684,10,1
344731,5,2
344749,45,1
344803,80,1
344836,5,2
344853,30,1
344859,5,1
344861,10,1
344871,10,1
344925,25,2
344935,0,1
345000,16,1
345026,14,1
345069,29,2
345070,0,1
345148,20,1
345206,17,2
345212,15,2
345318,5,2
345329,25,1
345440,32,2
345446,27,1
345452,32,2
345455,16,2
345456,27,1
345477,0,1
345491,5,2
345563,30,1
345583,27,1
345595,5,1
345598,10,2
345607,9,1
345614,8,1
345640,13,2
345713,0,1
345727,5,2
345752,6,1
345762,6,2
345781,39,2
345788,35,2
345814,10,1
345826,25,2
345927,20,2
345933,25,2
345960,10,1
346023,5,2
346086,50,2
346112,17,2
346137,8,1
346138,15,2
346222,42,2
346240,4,1
346246,16,1
346268,46,2
346387,23,2
346401,100,1
346448,0,1
346464,25,1
346544,0,1
346551,9,2
346634,0,1
346712,5,2
346726,2,1
346728,9,2
346740,6,1
346758,50,1
346823,0,1
346824,2,1
346880,5,2
346882,55,2
346888,0,1
346902,11,2
347073,17,2
347116,0,1
347235,8,2
347252,15,2
347277,55,2
347326,17,2
347371,0,1
347382,40,2
347474,3,1
347478,35,1
347493,0,1
347504,5,2
347513,28,2
347548,40,1
347602,45,2
347605,0,1
347633,55,2
347670,102,2
347788,5,2
347802,8,1
347807,8,1
347828,4,1
347850,13,1
347869,14,1
347885,10,1
347911,31,2
347914,0,1
347921,51,2
347965,0,1
347968,11,2
347975,24,1
348161,5,2
348389,97,1
348394,10,1
348412,17,2
348415,54,1
348417,23,2
348443,48,1
348446,5,2
348471,60,1
348633,0,1
348665,0,1
348701,25,2
348739,45,1
348752,50,1
348802,6,2
348824,20,1
348837,5,2
348885,25,2
348891,20,1
348927,11,2
348958,17,2
349076,0,1
349101,0,1
349199,75,2
349213,0,1
349311,0,1
349341,9,2
349398,30,1
349476,8,1
349504,0,1
349510,9,2
349512,10,1
349604,35,2
349621,35,2
349691,56,1
349843,46,1
349875,45,2
349992,5,2
350000,24,1
350118,6,1
350125,8,1
350127,11,2
350132,85,2
350224,0,1
350292,37,1
350503,5,2
350511,2,1
350542,14,1
350546,0,1
350582,19,2
350673,0,1
350689,655,2
350727,29,2
350757,5,1
350795,11,2
350806,10,1
350810,10,1
350859,30,1
350970,5,2
350979,5,2
351015,0,1
351022,5,2
351066,0,1
351144,8,2
351164,5,2
351213,0,1
351217,6,2
351227,11,2
351247,30,1
351314,5,1
351469,25,1
351537,5,2
351612,6,1
351630,5,2
351745,0,1
351779,37,1
351788,201,2
351799,15,2
351804,4,1
351810,15,1
351838,20,2
351851,51,2
351860,19,2
351898,0,1
351905,0,1
351914,5,2
351956,29,2
352009,29,2
352096,15,2
352318,4,1
352343,5,2
352431,20,1
352510,5,2
352602,6,2
352625,2,1
352627,2,1
352723,11,2
352784,23,2
352942,5,1
352966,45,2
353004,9,2
353012,15,1
353060,0,1
353087,5,2
353123,0,1
353126,0,1
353169,25,2
353183,16,1
353185,1,1
353207,15,1
353316,5,2
353384,5,2
353462,5,2
353516,10,1
353566,14,1
353618,2,1
353668,4,1
353669,11,2
353689,45,2
353762,17,2
353902,0,1
354006,11,2
354156,6,1
354174,13,2
354177,15,1
354191,15,2
354204,15,2
354279,45,1
354301,20,2
354319,70,2
354336,5,2
354337,5,2
354381,0,1
354382,5,2
354447,10,2
354511,0,1
354591,50,1
354593,5,2
354612,45,1
354614,30,2
354746,4,1
354953,15,2
355017,22,1
355089,13,1
355172,5,2
355222,0,1
355233,0,1
355285,85,2
355460,10,2
355511,5,1
355537,5,2
355605,13,2
355611,0,1
355622,8,1
355707,37,1
355728,7,2
355780,12,1
355822,21,2
355825,10,1
355897,3,1
355926,5,2
355929,0,1
355936,5,2
355997,18,1
356003,5,2
356009,15,2
356045,11,2
356048,7,1
356177,45,1
356206,49,1
356278,16,1
356298,0,1
356347,49,1
356384,10,2
356429,25,2
356448,47,2
356568,5,1
356631,12,1
356653,14,1
356667,5,2
356670,35,2
356672,1,1
356727,5,2
356732,4,1
356767,5,2
356797,5,2
356859,8,1
356907,95,1
356953,35,2
357034,7,2
357048,25,1
357059,10,1
357111,0,1
357135,35,1
357143,10,2
357146,25,2
357163,14,1
357191,120,2
357230,2,1
357252,0,1
357315,20,2
357317,5,2
357320,6,2
357409,2,1
357509,0,1
357516,17,2
357569,48,2
357583,105,2
357629,3,1
357730,5,2
357798,0,1
357821,13,2
357870,10,2
357873,26,2
357890,205,2
357909,0,1
357939,20,1
357943,48,1
358013,25,2
358072,13,2
358094,30,1
358147,5,2
358149,0,1
358167,0,1
358171,5,2
358173,0,1
358190,0,1
358194,62,2
358341,21,2
358349,25,2
358377,5,2
358414,40,1
358461,25,1
358495,0,1
358514,40,1
358522,28,1
358529,9,2
358545,30,1
358643,5,2
358721,8,2
358722,5,2
358780,38,1
358783,5,2
358785,0,1
358788,61,2
358860,0,1
358889,73,2
358901,0,1
358919,21,2
358923,14,1
358934,0,1
358947,32,1
358963,8,1
358974,18,1
358983,3,1
358989,25,2
358997,11,2
358998,20,2
359017,43,2
359030,70,1
359116,8,1
359128,25,2
359189,10,1
359192,10,1
359250,10,1
359251,51,2
359259,9,2
359279,15,1
359301,0,1
359312,5,2
359316,85,2
359321,5,2
359365,55,2
359385,65,2
359389,7,2
359436,5,2
359438,50,1
359471,5,2
359473,25,2
359480,0,1
359516,0,1
359529,5,2
359637,20,1
359780,42,1
359969,25,1
359980,8,1
360045,27,1
360076,11,2
360088,15,1
360111,30,2
360134,5,2
360154,5,2
360161,56,2
360275,50,2
360276,15,1
360373,20,2
360413,4,1
360456,5,2
360468,11,2
360479,15,1
360481,5,2
360531,50,2
360584,5,2
360602,5,2
360609,20,1
360704,23,1
360743,14,2
360806,35,1
360818,5,2
360880,30,2
360917,15,1
361022,2,1
361023,0,1
361040,22,1
361073,7,2
361127,0,1
361131,68,1
361204,5,2
361219,13,2
361230,35,2
361397,9,2
361450,0,1
361466,11,2
361522,10,1
361538,21,2
361580,17,2
361610,5,2
361611,7,1
361647,45,2
361674,15,2
361686,34,2
361687,9,2
361710,4,1
361750,7,1
361802,0,1
362316,0,1
362352,6,1
362381,5,2
362387,5,2
362393,16,1
362395,15,2
362413,0,1
362431,25,1
362439,9,2
362450,9,2
362461,15,2
362473,15,2
362474,0,1
362479,15,2
362485,0,1
362512,75,2
362521,15,2
362565,15,2
362567,5,2
362572,100,2
362596,23,2
362604,5,2
362610,13,2
362616,87,1
362617,0,1
362621,10,2
362657,5,2
362664,5,2
362678,30,2
362681,15,2
362695,23,1
362697,0,1
362712,50,2
362713,11,2
362726,30,2
362832,0,1
362834,4,1
362843,35,2
362865,5,1
362892,57,2
362994,9,2
363001,8,2
363022,20,1
363049,92,1
363076,4,1
363086,5,2
363096,9,2
363098,8,1
363105,95,1
363126,6,1
363171,0,1
363197,9,2
363203,15,2
363255,40,1
363323,0,1
363333,47,2
363529,18,2
363598,8,1
363615,5,1
363640,5,2
363664,50,1
363743,5,2
363800,0,1
364140,25,1
364183,44,1
364616,9,2
364798,20,2
364850,5,2
364889,13,2
364951,0,1
364983,20,1
364989,13,2
365031,50,2
365039,10,1
365053,5,2
365072,65,2
365073,48,1
365098,11,2
365192,11,2
365234,0,1
365259,9,2
365272,5,2
365273,65,2
365303,5,2
365315,7,2
365448,20,1
365645,40,1
365655,40,1
365656,20,1
365692,18,1
365695,0,1
365750,6,1
365754,5,2
365788,6,1
365828,58,1
365834,9,2
365875,37,2
365880,6,1
365882,2,1
365892,0,1
365961,0,1
366460,11,2
366507,10,2
366516,43,2
366580,10,1
366625,52,1
366648,10,2
366678,15,1
366679,29,2
366713,9,2
366749,5,2
366752,11,2
366902,5,2
366971,0,1
366972,5,2
366997,12,1
367019,55,2
367049,0,1
367053,0,1
367065,24,1
367069,58,1
367086,20,1
367134,15,2
367185,5,2
367234,16,1
367245,221,2
367268,5,2
367297,20,1
367299,15,2
367300,40,1
367320,3,1
367321,22,1
367325,78,1
367396,19,1
367422,0,1
367462,15,1
367475,45,2
367607,15,2
367608,25,2
367609,20,1
367710,0,1
367761,20,1
367766,60,1
367780,0,1
367815,11,2
367822,7,1
367841,0,1
367931,5,2
367950,31,2
367955,8,1
367969,11,2
367970,34,1
368017,25,2
368042,21,2
368052,37,2
368065,0,1
368072,23,2
368180,15,2
368201,13,2
368203,25,2
368232,37,2
368275,0,1
368286,15,1
368408,30,2
368424,0,1
368457,0,1
368487,17,2
368495,20,2
368545,4,1
368671,25,1
368704,15,1
368708,25,1
368729,47,2
368748,11,2
368828,30,1
368842,5,2
368883,31,2
368894,5,2
368986,20,1
369038,0,1
369045,53,2
369352,4,1
369353,1,1
369356,2,1
369367,7,2
369376,0,1
369499,40,2
369563,0,1
369614,50,1
369652,0,1
369715,5,2
369744,4,1
369745,20,1
369946,40,1
370009,45,1
370025,140,2
370079,39,1
370111,0,1
370298,30,2
370382,10,1
370473,5,2
370635,5,2
370680,5,2
370690,15,1
370721,40,2
370727,10,1
370748,0,1
370811,5,2
370863,10,1
370881,8,1
370897,11,2
370919,25,2
370954,2,1
371085,12,1
371122,50,2
371123,0,1
371134,0,1
371251,2,1
371259,0,1
371276,0,1
371278,25,2
371319,20,1
371352,15,1
371360,5,2
371537,10,1
371597,35,1
371710,4,1
371796,5,2
371828,10,1
371875,0,1
371948,5,2
372030,200,1
372053,69,2
372079,0,1
372245,136,2
372249,800,1
372273,30,1
372277,45,2
372280,35,2
372331,10,2
372385,12,1
372408,13,2
372519,8,2
372538,17,2
372608,80,2
372629,5,2
372684,75,2
372737,0,1
372765,17,2
372793,9,2
372865,10,1
372899,0,1
372935,12,2
372948,38,1
372953,0,1
373052,4,1
373055,9,2
373068,39,2
373080,20,1
373096,49,1
373116,14,2
373136,0,1
373185,0,1
373218,18,1
373247,12,1
373350,5,2
373365,5,2
373389,35,2
373410,405,2
373483,2,1
373513,5,2
373520,15,2
373545,4,1
373550,12,1
373664,49,2
373681,0,1
373734,17,2
373794,35,1
373801,68,2
373912,51,2
373914,24,1
373920,5,2
373925,8,2
373960,5,2
373986,11,2
374001,0,1
374015,21,2
374068,5,2
374075,5,2
374079,26,1
374086,13,2
374155,0,1
374193,5,2
374226,0,1
374247,5,2
374249,20,1
374269,5,2
374282,37,2
374286,9,2
374366,0,1
374373,0,1
374377,55,2
374554,17,2
374581,25,1
374644,4,1
374661,5,2
374673,0,1
374714,155,2
374726,1,1
374757,0,1
374771,21,2
374784,40,2
374791,20,1
374945,20,2
375119,45,2
375154,5,2
375192,23,2
375244,0,1
375245,5,2
375250,41,2
375287,15,2
375323,20,1
375384,11,2
375409,50,1
375474,53,2
375488,24,1
375493,4,1
375534,0,1
375536,4,1
375603,17,2
375641,2,1
375654,60,1
375783,5,2
375822,0,1
375830,0,1
375884,12,1
375933,5,2
375956,0,1
